{"x": [12.610971516273418, 9.308524543591878, 5.981459154927068, 2.6368470710367995, -0.7182399873210752, -4.0767302993887125, -7.431552144408297, -10.771613883911618, -14.04324096283716, -17.16713565220812, -20.063649077173515, -22.649066750187895, -25.299869049908956, -25.868440836565245, -25.68619090072947, -25.36701450630796, -25.01601854188644, -24.644825118612477, -24.26505517778398, -23.888329660698872, -23.526269508655055, -23.190495662950465, -22.892629064883, -22.644852501476713, -22.472099878034495, -22.41196175304643, -22.502571637383, -22.782027187781438, -23.275016239968586, -23.972772415055356, -24.522605859286955, -22.650026657014198, -19.782187238082866, -16.985504593974966, -13.95604300268079, -11.005282185575497, -7.767082444247036, -4.399516052805612, -1.05060942652968, 2.2324980654973037, 5.460924979927516, 8.646495434202729, 11.801033545764692, 14.93636343205517, 18.06430921051593, 21.196717967598712, 24.345742840004192, 27.523754685850626, 30.74312902180671, 34.01624136454116, 37.355467230722645, 40.77318213701984, 44.129455633326195, 43.73729990667306, 40.72048136960948, 37.095811612591, 33.556607429641815, 30.223112576116623, 27.02079478884264, 23.874961112273528, 20.71297521057719, 17.503013056169348, 14.250753183883653, 11.614915988734902, 8.309653800371363, 4.968891529740564, 1.6075653541182269, -1.759388549219977, -5.117034002998323, -8.451094608200348, -11.754392538246439, -15.024072224259037, -18.25733940344772, -21.84034772077116, -22.190194376680726, -21.842507116463025, -21.433165871825985, -21.016557318604075, -20.60565118405829, -20.213417195449644, -19.852825080039135, -19.536844565087787, -19.278704554108895, -19.098844285062487, -19.025684312067096, -19.088059060855386, -19.41417633606307, -20.094383579880123, -20.285945664849997, -17.488290953335277, -14.520024638826245, -11.378562975953018, -8.103618603781474, -4.767983224339654, -0.9004170402787055, 2.337100618042335, 5.516025031418489, 9.180824039529552, 12.310220106134091, 15.452490943740479, 18.629208321854588, 21.840771274012763, 25.067340063589754, 28.288264788673676, 31.482895547352687, 34.63058243771492, 37.07690511406992, 33.63387759646701, 29.954753529003003, 26.486455981358862, 23.261068895625684, 20.143693891931722, 17.004229835899356, 13.791325956371667], "y": [-17.395875511841457, -18.814187164916564, -20.201008771245753, -21.563257824049924, -22.907851816549993, -24.241708241966855, -25.571744593521437, -26.912281688647898, -28.356063626100937, -30.043023695443274, -32.11374187777205, -34.659299579542775, -34.44210460781454, -30.640611313029183, -26.913463653283895, -23.191672323093783, -19.546273298510332, -15.959387961627549, -12.413136581880172, -8.889639428702948, -5.371016771530582, -1.8393888797978848, 1.7231239770604394, 5.333162203649258, 8.97923963677815, 12.621951917679766, 16.22069703679231, 19.735062140237257, 23.195380579040258, 26.808480134710926, 30.64397020094237, 33.799310805962975, 32.25657229448001, 29.608431756629358, 26.859795490728914, 25.022697300415455, 23.53048335546081, 22.18802627087523, 20.81270980813127, 19.34756279621046, 17.808168681243515, 16.210989617147536, 14.572487757839623, 12.909125257236873, 11.2373642692564, 9.573832457524263, 7.937362817442907, 6.348357197772928, 4.827251015779707, 3.394479688728637, 2.070478633885085, 0.8756832685144472, -0.22383514251483172, -3.2365709073949893, -4.875301434479686, -6.10679835198902, -7.422674328510163, -8.900135993085014, -10.475541683194246, -12.085133534917311, -13.666931375378018, -15.19423217815943, -16.672749201142636, -14.258520762420286, -15.645217240631984, -16.997564624027248, -18.334292136092895, -19.674129000315776, -21.035804440182712, -22.436821855990736, -23.88149598262397, -25.36611109374791, -26.886837560482554, -27.44016125824788, -24.069693977337955, -20.18960908785398, -16.4180067211775, -12.792040199057649, -9.263535606420945, -5.784319028193918, -2.3062165493030644, 1.2189457453250347, 4.836832872706791, 8.523311811172773, 12.176988183410117, 15.692461220010383, 19.690367128908765, 23.72637257621328, 27.282857688317186, 25.362726184987743, 23.195880520755708, 21.534582530137072, 20.065404373334076, 18.681720234714625, 17.056568095291954, 15.583119610381996, 14.038395789684339, 12.164275293804696, 10.51177089289856, 8.831052061433839, 7.136100389663906, 5.449039092025335, 3.799773866088776, 2.218521945038403, 0.7355005620583855, -0.6190730496671095, -2.576263812914034, -4.009051135352959, -5.431722997580649, -6.989937519417221, -8.61937900845135, -10.251402163133639, -11.820159147696318, -13.305724613906154], "color": ["orange_big", "blue", "blue", "blue", "blue", "blue", "blue", "blue", "blue", "blue", "blue", "blue", "blue", "blue", "blue", "blue", "blue", "blue", "blue", "blue", "blue", "blue", "blue", "blue", "blue", "blue", "blue", "blue", "blue", "blue", "blue", "blue", "blue", "blue", "blue", "blue", "blue", "blue", "blue", "blue", "blue", "blue", "blue", "blue", "blue", "blue", "blue", "blue", "blue", "blue", "blue", "blue", "blue", "blue", "blue", "blue", "blue", "blue", "blue", "blue", "blue", "blue", "blue", "orange_big", "yellow", "yellow", "yellow", "yellow", "yellow", "yellow", "yellow", "yellow", "yellow", "yellow", "yellow", "yellow", "yellow", "yellow", "yellow", "yellow", "yellow", "yellow", "yellow", "yellow", "yellow", "yellow", "yellow", "yellow", "yellow", "yellow", "yellow", "yellow", "yellow", "yellow", "yellow", "yellow", "yellow", "yellow", "yellow", "yellow", "yellow", "yellow", "yellow", "yellow", "yellow", "yellow", "yellow", "yellow", "yellow", "yellow", "yellow", "yellow", "yellow", "yellow"]}