{"x": [18.43358752443026, 15.606938867861311, 12.05708598462408, 8.683203976644135, 5.257139816419162, 1.7064174886568133, -1.365288793417959, -4.202068871881798, -6.401702120766071, -7.4928459929801825, -10.2938200559797, -13.65352511730529, -17.060147473330197, -19.889886045881514, -22.21158831970573, -25.214302524933544, -27.62428005495589, -29.54532674734989, -29.800219762640673, -27.897377380277778, -24.665253244804678, -21.45514264972678, -18.138288394519503, -14.662949682115972, -11.749363064819402, -8.971229138155449, -6.404522395063519, -3.245177562687121, -0.4325209775422807, 2.6835503923947712, 5.533938177764776, 10.172978155192407, 14.110418207622224, 17.465537486871266, 19.4288045720267, 21.486067093264943, 22.453382312419574, 22.47183989621976, 21.495454952628656, 21.642526671142022, 22.116397910638128, 22.250027768782154, 16.436538825961442, 13.319710746528216, 9.840004749677732, 6.418555336180968, 3.0145509688527463, 0.0630571004429488, -2.7159533898591595, -4.105469309050542, -5.960909178329385, -9.044509368306736, -12.372336556665205, -15.755491091784029, -18.644528551331902, -20.530759448832555, -23.806355566953588, -25.99572653098889, -25.791251356724537, -22.36175749912434, -18.839653308149973, -15.597353293415765, -12.715093018984907, -9.816091635653411, -6.415663783765373, -3.92323148153435, -0.596627041393657, 2.55676976080696, 5.612561218330007, 8.39104617406544, 11.489521234318744, 15.098628148592908, 17.443820414496727, 19.312980377847644, 19.023723410511217, 18.11688662454898, 18.014985953742762, 18.974542820203204, 17.869028119604287], "y": [-16.268379992684345, -18.305790673034892, -18.641685142831715, -19.779699133249093, -20.5793820825967, -20.93943278462362, -19.203198233570127, -17.01105771372296, -14.175551621202452, -10.83958453777562, -8.709289680281877, -7.797884983640056, -6.920380081354009, -4.766440572991569, -2.178479343619861, -0.6309052825943531, 1.8474102176818974, 4.842238702364228, 8.310466618515047, 11.119074567550618, 12.572499122026112, 11.610562319241591, 12.852506721048474, 12.811225379989013, 11.094330789733533, 9.077197356791354, 11.167818349692807, 12.390904429515682, 11.171906762096746, 12.868349010658752, 15.050587915513681, 14.593631096217079, 13.512372891836105, 12.698073566370898, 9.912636930416804, 7.156922691237116, 3.787356757518743, 0.2365509963783209, -3.1360260806412223, -6.601667773093123, -10.080187384585717, -13.517961438692522, -13.750704773256658, -15.248744914955942, -16.012272510964067, -16.83286470468053, -17.749297305024516, -16.020348586963763, -13.753083208861367, -10.477957112086555, -7.464612007408471, -5.726696677297662, -4.5972563494916265, -3.5940091348680454, -1.4950910646957636, 1.4603779684806755, 2.787787484744139, 5.557810756916199, 8.44792258776349, 8.305492484892302, 8.745951098693759, 9.764608922850208, 7.817323591210475, 5.8380983360740215, 5.913298466593376, 8.232531210261635, 7.430532931668179, 9.084026481643793, 10.862046055841036, 11.748095492275526, 10.3025061962984, 10.170452246099998, 6.86586407726627, 4.0087997685157974, 0.46359826700684825, -2.9620665280035126, -6.5614422458188235, -9.833160640729881, -12.803097964569822], "color": ["orange_big", "blue", "blue", "blue", "blue", "blue", "blue", "blue", "blue", "blue", "blue", "blue", "blue", "blue", "blue", "blue", "blue", "blue", "blue", "blue", "blue", "blue", "blue", "blue", "blue", "blue", "blue", "blue", "blue", "blue", "blue", "blue", "blue", "blue", "blue", "blue", "blue", "blue", "blue", "blue", "blue", "blue", "orange_big", "yellow", "yellow", "yellow", "yellow", "yellow", "yellow", "yellow", "yellow", "yellow", "yellow", "yellow", "yellow", "yellow", "yellow", "yellow", "yellow", "yellow", "yellow", "yellow", "yellow", "yellow", "yellow", "yellow", "yellow", "yellow", "yellow", "yellow", "yellow", "yellow", "yellow", "yellow", "yellow", "yellow", "yellow", "yellow", "yellow"]}